{
  "model": "best_fold10",
  "n_test": 6713,
  "n_test_pos": 14,
  "AP": 0.5531433863560118,
  "AP_IC95": [
    0.3129148010507097,
    0.812002440553401
  ],
  "AUC": 0.9339453649798477,
  "AUC_IC95": [
    0.8444290725694665,
    0.9983369052950334
  ],
  "threshold_F1max_on_OOF": 0.612834632396698,
  "confusion_at_threshold": {
    "TP": 7,
    "FP": 4,
    "FN": 7,
    "TN": 6695,
    "precision": 0.6363636363636364,
    "recall": 0.5,
    "f1": 0.56,
    "specificity": 0.9994028959546201,
    "npv": 0.9989555356609967
  },
  "brier_calibrated": null,
  "ap_train": null,
  "ap_oof": 0.7265161858364072,
  "gap_train_fold9": null,
  "gap_train_oof": null,
  "multiseed": null,
  "note": "per-model fold10 card; reporting on frozen cached scores; threshold = own OOF F1-max",
  "oof_file": "bestmodel_oof.csv",
  "ptb_only": false
}