{
  "detector": "M4_wavelet_env",
  "protocol": "OOF folds 1-8, native folds, per-fold spw; fold10 untouched",
  "n_wpw_total": 115,
  "seeds": [
    0,
    1,
    2,
    3,
    4,
    5,
    6,
    7
  ],
  "fractions": [
    0.1,
    0.25,
    0.4,
    0.55,
    0.7,
    0.85,
    1.0
  ],
  "xgb": {
    "max_depth": 3,
    "learning_rate": 0.1,
    "n_estimators": 200,
    "min_child_weight": 3,
    "subsample": 0.8,
    "colsample_bytree": 0.8,
    "reg_lambda": 2.0,
    "eval_metric": "aucpr",
    "tree_method": "hist",
    "random_state": 42,
    "n_jobs": 1
  },
  "results": {
    "0.10": {
      "fraction": 0.1,
      "n_wpw": 12,
      "mean_AP": 0.22541314861571327,
      "std_AP": 0.09123368286030237,
      "per_seed": [
        0.3516510997227528,
        0.17073823795448492,
        0.1681359223348039,
        0.09520401519765508,
        0.14009326510340625,
        0.26357420968687484,
        0.3588896230916526,
        0.2550188158340756
      ]
    },
    "0.25": {
      "fraction": 0.25,
      "n_wpw": 29,
      "mean_AP": 0.4841059298910382,
      "std_AP": 0.07577269524356338,
      "per_seed": [
        0.46158428806948604,
        0.5605028928007985,
        0.554539817529763,
        0.5979968388635801,
        0.4046237426092345,
        0.4604564117560443,
        0.3633844931970436,
        0.4697589543023551
      ]
    },
    "0.40": {
      "fraction": 0.4,
      "n_wpw": 46,
      "mean_AP": 0.542838725773824,
      "std_AP": 0.07718011931071453,
      "per_seed": [
        0.711158836897793,
        0.5804709083289993,
        0.4581477253725756,
        0.4513444335089464,
        0.5698073790367189,
        0.5196475808542671,
        0.509714101536632,
        0.5424188406546595
      ]
    },
    "0.55": {
      "fraction": 0.55,
      "n_wpw": 63,
      "mean_AP": 0.5635928121886836,
      "std_AP": 0.03150940363096737,
      "per_seed": [
        0.5479635717743574,
        0.602562590379466,
        0.5592423747809047,
        0.54926472106924,
        0.5011584631920618,
        0.5712031143081876,
        0.6079290020746696,
        0.5694186599305822
      ]
    },
    "0.70": {
      "fraction": 0.7,
      "n_wpw": 80,
      "mean_AP": 0.6600911288534822,
      "std_AP": 0.020091347518683602,
      "per_seed": [
        0.6757117551795925,
        0.6769968758385364,
        0.6228400976504412,
        0.6748694424000692,
        0.649358129369581,
        0.6468302177331134,
        0.6482831115806411,
        0.6858394010758828
      ]
    },
    "0.85": {
      "fraction": 0.85,
      "n_wpw": 98,
      "mean_AP": 0.6880825793406717,
      "std_AP": 0.016465787556251773,
      "per_seed": [
        0.6729252188723006,
        0.7129383858609369,
        0.6797399386805981,
        0.6969618382660245,
        0.7106406257819933,
        0.6659399631807822,
        0.690409203222422,
        0.6751054608603154
      ]
    },
    "1.00": {
      "fraction": 1.0,
      "n_wpw": 115,
      "mean_AP": 0.7179676336759132,
      "std_AP": 0.006781519901745793,
      "per_seed": [
        0.7133799219014066,
        0.7206124742002044,
        0.7219539221554402,
        0.7215629262104875,
        0.7211482754299632,
        0.7038954267516766,
        0.7272691440676995,
        0.7139189786904281
      ]
    }
  }
}