{
  "model": "M2_fold10",
  "n_test": 6713,
  "n_test_pos": 14,
  "AP": 0.27558305927201726,
  "AP_IC95": [
    0.08220604040984543,
    0.5345824488499819
  ],
  "AUC": 0.8967756381549484,
  "AUC_IC95": [
    0.7861255944384024,
    0.9837091890047556
  ],
  "threshold_F1max_on_OOF": 0.9251811504364014,
  "confusion_at_threshold": {
    "TP": 4,
    "FP": 9,
    "FN": 10,
    "TN": 6690,
    "precision": 0.3076923076923077,
    "recall": 0.2857142857142857,
    "f1": 0.29629629629629634,
    "specificity": 0.9986565158978952,
    "npv": 0.9985074626865672
  },
  "brier_calibrated": null,
  "ap_train": null,
  "ap_oof": 0.2994673926906679,
  "gap_train_fold9": null,
  "gap_train_oof": null,
  "multiseed": null,
  "note": "per-model fold10 card; reporting on frozen cached scores; threshold = own OOF F1-max",
  "oof_file": "m2_combined_oof.csv",
  "ptb_only": false
}