{
  "model": "M2_ningbo",
  "n_test": 4515,
  "n_test_pos": 7,
  "AP": 0.4275200989486704,
  "AP_IC95": [
    0.12470003766868797,
    0.7658785055524184
  ],
  "AUC": 0.9894473317277221,
  "AUC_IC95": [
    0.9746157624540499,
    0.9989867220179998
  ],
  "threshold_F1max_on_OOF": 0.8733533620834351,
  "confusion_at_threshold": {
    "TP": 3,
    "FP": 7,
    "FN": 4,
    "TN": 4501,
    "precision": 0.3,
    "recall": 0.42857142857142855,
    "f1": 0.3529411764705882,
    "specificity": 0.9984472049689441,
    "npv": 0.9991120976692563
  },
  "brier_calibrated": 0.001345395184717622,
  "ap_train": 0.749071300786847,
  "gap_train_fold9": 0.32155120183817665,
  "multiseed": {
    "AP_mean": 0.37992414321774953,
    "AP_std": 0.0639701274120407,
    "AUC_mean": 0.9865255418937761,
    "AUC_std": 0.0013421474179663427
  },
  "K": 465,
  "xgb_params": {
    "max_depth": 2,
    "learning_rate": 0.02,
    "n_estimators": 300,
    "min_child_weight": 3,
    "subsample": 0.8,
    "colsample_bytree": 0.8,
    "reg_lambda": 2.0
  },
  "eval_type": "same_dataset_fold9",
  "legacy_08bc_same_AP": 0.428,
  "gap_train_oof": null,
  "gap_train_oof_note": "retroactively unavailable: the true train-OOF gap needs a refit, and frozen models are never refit (JOURNAL D13/D52)"
}