{
  "model": "M3_fold10",
  "n_test": 6713,
  "n_test_pos": 14,
  "AP": 0.5444600791825579,
  "AP_IC95": [
    0.3098778054978869,
    0.8015440037390882
  ],
  "AUC": 0.9568805578657795,
  "AUC_IC95": [
    0.8837377113854946,
    0.9991046104962361
  ],
  "threshold_F1max_on_OOF": 0.4067365527153015,
  "confusion_at_threshold": {
    "TP": 6,
    "FP": 4,
    "FN": 8,
    "TN": 6695,
    "precision": 0.6,
    "recall": 0.42857142857142855,
    "f1": 0.5,
    "specificity": 0.9994028959546201,
    "npv": 0.9988065045502014
  },
  "brier_calibrated": null,
  "ap_train": null,
  "ap_oof": 0.6187917947281243,
  "gap_train_fold9": null,
  "gap_train_oof": null,
  "multiseed": null,
  "note": "per-model fold10 card; reporting on frozen cached scores; threshold = own OOF F1-max",
  "oof_file": "m3_combined_oof.csv",
  "ptb_only": false
}