{
  "model": "M3_ningbo_CROSS_on_ptbxl",
  "n_test": 17418,
  "n_test_pos": 57,
  "AP": 0.575334571375646,
  "AP_IC95": [
    0.45327539655687993,
    0.6986513973775906
  ],
  "AUC": 0.918112486446229,
  "AUC_IC95": [
    0.8616416408222907,
    0.9655844113191797
  ],
  "threshold_F1max_on_OOF": 0.32463082671165466,
  "confusion_at_threshold": {
    "TP": 31,
    "FP": 20,
    "FN": 26,
    "TN": 17341,
    "precision": 0.6078431372549019,
    "recall": 0.543859649122807,
    "f1": 0.5740740740740741,
    "specificity": 0.9988479926271528,
    "npv": 0.9985029078136696
  },
  "brier_calibrated": 0.0020993088516602517,
  "ap_train": null,
  "gap_train_fold9": null,
  "multiseed": null,
  "eval_type": "cross_dataset",
  "train_on": "ningbo",
  "test_on": "ptbxl_folds1_8",
  "gap_train_oof": null,
  "gap_train_oof_note": "retroactively unavailable: the true train-OOF gap needs a refit, and frozen models are never refit (JOURNAL D13/D52)"
}