{
  "model": "M4_fold10",
  "n_test": 6713,
  "n_test_pos": 14,
  "AP": 0.5523567293119438,
  "AP_IC95": [
    0.2960787349271412,
    0.8280157290138801
  ],
  "AUC": 0.9026933657475529,
  "AUC_IC95": [
    0.7842010001492761,
    0.9953297933593499
  ],
  "threshold_F1max_on_OOF": 0.4089252650737762,
  "confusion_at_threshold": {
    "TP": 8,
    "FP": 10,
    "FN": 6,
    "TN": 6689,
    "precision": 0.4444444444444444,
    "recall": 0.5714285714285714,
    "f1": 0.5,
    "specificity": 0.9985072398865502,
    "npv": 0.9991038088125467
  },
  "brier_calibrated": null,
  "ap_train": null,
  "ap_oof": 0.7183760619466781,
  "gap_train_fold9": null,
  "gap_train_oof": null,
  "multiseed": null,
  "note": "per-model fold10 card; reporting on frozen cached scores; threshold = own OOF F1-max",
  "oof_file": "m4_combined_oof.csv",
  "ptb_only": false
}