{
  "model": "M4_ningbo",
  "n_test": 4515,
  "n_test_pos": 7,
  "AP": 0.9081632653061225,
  "AP_IC95": [
    0.7378749070478393,
    1.0
  ],
  "AUC": 0.9997464824439093,
  "AUC_IC95": [
    0.9991443782481937,
    1.0
  ],
  "threshold_F1max_on_OOF": 0.6800683736801147,
  "confusion_at_threshold": {
    "TP": 4,
    "FP": 0,
    "FN": 3,
    "TN": 4508,
    "precision": 1.0,
    "recall": 0.5714285714285714,
    "f1": 0.7272727272727273,
    "specificity": 1.0,
    "npv": 0.9993349589891377
  },
  "brier_calibrated": 0.0006962688131774823,
  "ap_train": 0.9883329150523121,
  "gap_train_fold9": 0.08016964974618968,
  "multiseed": {
    "AP_mean": 0.9160162853019995,
    "AP_std": 0.025094784215541954,
    "seeds": [
      42,
      1,
      7,
      13,
      99
    ]
  },
  "mode": "single_dataset",
  "train": "ningbo",
  "detector": "wavelet_env",
  "K": 220,
  "cfg": "d3_lr10",
  "ap_oof": 0.5812643277049147,
  "gap_train_oof": null,
  "gap_train_oof_note": "retroactively unavailable: the true train-OOF gap needs a refit, and frozen models are never refit (JOURNAL D13/D52)"
}