{
  "model": "M4_ptbxl",
  "n_test": 2183,
  "n_test_pos": 6,
  "AP": 0.6926559356136821,
  "AP_IC95": [
    0.360094246031746,
    0.9761904761904762
  ],
  "AUC": 0.9944112693308834,
  "AUC_IC95": [
    0.9832338079926505,
    0.9999234420456286
  ],
  "threshold_F1max_on_OOF": 0.8185726404190063,
  "confusion_at_threshold": {
    "TP": 3,
    "FP": 1,
    "FN": 3,
    "TN": 2176,
    "precision": 0.75,
    "recall": 0.5,
    "f1": 0.6,
    "specificity": 0.9995406522737712,
    "npv": 0.9986232216613126
  },
  "brier_calibrated": 0.0015963779429554125,
  "ap_train": 0.9710481319227238,
  "gap_train_fold9": 0.27839219630904166,
  "multiseed": {
    "AP_mean": 0.6768687594014999,
    "AP_std": 0.039370694565157405,
    "seeds": [
      42,
      1,
      7,
      13,
      99
    ]
  },
  "mode": "single_dataset",
  "train": "ptbxl",
  "detector": "wavelet_env",
  "K": 276,
  "cfg": "d2_lr10",
  "ap_oof": 0.7162531558181007,
  "gap_train_oof": null,
  "gap_train_oof_note": "retroactively unavailable: the true train-OOF gap needs a refit, and frozen models are never refit (JOURNAL D13/D52)"
}