{
  "model": "M5_ptbxl",
  "n_test": 2183,
  "n_test_pos": 6,
  "AP": 0.4179459026174947,
  "AP_IC95": [
    0.08703616801210232,
    0.8067596055877306
  ],
  "AUC": 0.8643393048537743,
  "AUC_IC95": [
    0.6968228448935844,
    0.9990813045475426
  ],
  "threshold_F1max_on_OOF": 0.7000272274017334,
  "confusion_at_threshold": {
    "TP": 2,
    "FP": 4,
    "FN": 4,
    "TN": 2173,
    "precision": 0.3333333333333333,
    "recall": 0.3333333333333333,
    "f1": 0.3333333333333333,
    "specificity": 0.998162609095085,
    "npv": 0.998162609095085
  },
  "brier_calibrated": 0.0022136273851184915,
  "ap_train": 1.0000000000000002,
  "gap_train_fold9": 0.5820540973825055,
  "multiseed": {
    "AP_mean": 0.40042642345699164,
    "AP_std": 0.015854059586290326,
    "seeds": [
      42,
      1,
      7,
      13,
      99
    ]
  },
  "mode": "single_dataset",
  "train": "ptbxl",
  "K": 446,
  "cfg": "d3_lr10",
  "ap_oof": 0.6221247237203452,
  "gap_train_oof": null,
  "gap_train_oof_note": "retroactively unavailable: the true train-OOF gap needs a refit, and frozen models are never refit (JOURNAL D13/D52)"
}