{
  "levels": [
    {
      "level": "strong",
      "AP": 0.6284660821135538,
      "AP_lo": 0.5094151688450679,
      "AP_hi": 0.7430538196922846,
      "AUC": 0.9427553949872585,
      "AP_seed_mean": 0.5756554485209048,
      "AP_seed_std": 0.01827411599150055
    },
    {
      "level": "none",
      "AP": 0.5734835250235665,
      "AP_lo": 0.4402553047801585,
      "AP_hi": 0.702820327508096,
      "AUC": 0.9144156640108384,
      "AP_seed_mean": 0.48415737466343556,
      "AP_seed_std": 0.03206583385878377
    },
    {
      "level": "rich",
      "AP": 0.5716466177110036,
      "AP_lo": 0.43920518693926713,
      "AP_hi": 0.698651144388023,
      "AUC": 0.9460398051675752,
      "AP_seed_mean": 0.5288819127533889,
      "AP_seed_std": 0.021836266978712254
    },
    {
      "level": "light",
      "AP": 0.5711305280279165,
      "AP_lo": 0.44534710677526074,
      "AP_hi": 0.6918429440974763,
      "AUC": 0.9501312860875455,
      "AP_seed_mean": 0.4930083168879174,
      "AP_seed_std": 0.031298751637470264
    }
  ],
  "baseline": "rich",
  "baseline_AP": 0.5716466177110036,
  "winner": "strong",
  "beats_beyond_CI": false,
  "adopted": "rich"
}