{
  "n_aligned": 53538,
  "OOF_AP": 0.6444952074427543,
  "rho_M3": 0.43965579713665354,
  "rho_M4": 0.3579101498686194,
  "rho_vote": 0.49939452018061403,
  "rankvote_M3M4": 0.7177180512443656,
  "rankvote_M3M4M7": 0.7214794768711796,
  "delta": 0.00376142562681403
}