{
  "OOF_AP": 0.6508294358102523,
  "rho_M3": 0.4543581567380344,
  "rho_M4": 0.37026695254783276,
  "rankvote_M3M4": 0.7177180512443656,
  "rankvote_M3M4M7": 0.7219311185017063,
  "delta": 0.004213067257340719
}