{
  "modes": [
    {
      "mode": "scratch",
      "AP": 0.6284660821135538,
      "AP_lo": 0.5094151688450679,
      "AP_hi": 0.7430538196922846,
      "AUC": 0.9427553949872585,
      "AP_seed_mean": 0.5756554485209048,
      "AP_seed_std": 0.01827411599150055
    },
    {
      "mode": "frozen",
      "AP": 0.06318441791224834,
      "AP_lo": 0.022126736915305763,
      "AP_hi": 0.13248045586491022,
      "AUC": 0.8601354795006614,
      "AP_seed_mean": 0.06659312183854697,
      "AP_seed_std": 0.011852534396648724
    },
    {
      "mode": "finetune",
      "AP": 0.6251308172279639,
      "AP_lo": 0.4984127876647521,
      "AP_hi": 0.7446621018269488,
      "AUC": 0.9415560788361665,
      "AP_seed_mean": 0.5900199946097814,
      "AP_seed_std": 0.015397420437425851
    }
  ],
  "scratch": 0.5756554485209048,
  "best_pretrained": "finetune",
  "delta": 0.014364546088876606,
  "delta_sigma": 1.0411790056411492,
  "gate_pass": false
}