L,n_feat,AP,AP_lo,AP_hi,AUC,deep_AP,deep_minus_nondeep,fit_min
1024,12288,0.009424598471443496,0.004611228232119966,0.04199458693104737,0.8205166561187504,0.639533612490102,0.6301090140186585,8.492140022913615
2048,24576,0.008023156883964514,0.005420067753968059,0.016058511557070342,0.8194925493354813,0.7257056875372104,0.7176825306532459,19.891243012746177
