{
  "OOF_AP": 0.6508294358102523,
  "rho_max": 0.4543581567380344,
  "C1_pass": true,
  "vote_delta": 0.004213067257340719,
  "delta_vs_run2": 0.0068294358102523045
}