{
  "variants": [
    {
      "variant": "wd1e3",
      "dropout": 0.3,
      "wd": 0.001,
      "AP": 0.6472793065329044,
      "AP_lo": 0.524237627354321,
      "AP_hi": 0.7637354618009881,
      "AUC": 0.9415012418954227,
      "AP_seed_mean": 0.5701129057378308,
      "AP_seed_std": 0.03736488971842729
    },
    {
      "variant": "base",
      "dropout": 0.3,
      "wd": 0.0001,
      "AP": 0.6284660821135538,
      "AP_lo": 0.5094151688450679,
      "AP_hi": 0.7430538196922846,
      "AUC": 0.9427553949872585,
      "AP_seed_mean": 0.5756554485209048,
      "AP_seed_std": 0.01827411599150055
    },
    {
      "variant": "both_reg",
      "dropout": 0.5,
      "wd": 0.001,
      "AP": 0.6143864700601138,
      "AP_lo": 0.4889397217108029,
      "AP_hi": 0.7341782325554814,
      "AUC": 0.9444830811909294,
      "AP_seed_mean": 0.567684032639204,
      "AP_seed_std": 0.049877178404466864
    },
    {
      "variant": "drop50",
      "dropout": 0.5,
      "wd": 0.0001,
      "AP": 0.6130221494533294,
      "AP_lo": 0.48924985955053985,
      "AP_hi": 0.736365463771545,
      "AUC": 0.9490713202799911,
      "AP_seed_mean": 0.5547378948767672,
      "AP_seed_std": 0.023877562894721618
    }
  ],
  "baseline": "base",
  "winner": "base",
  "delta_sigma": 0.0,
  "adopted": "base"
}