{
  "OOF_AP": 0.6444952074427543,
  "rho_max": 0.43965579713665354,
  "pass_oof": false,
  "pass_rho": true,
  "C1_pass": false
}