{
  "run": "m7_run1",
  "resolutions": [
    1024,
    2048,
    5000
  ],
  "best_AP_resolution": 5000,
  "best_AP": 0.8176643813982869,
  "parsimonious_pick": 1024,
  "ab_table": [
    {
      "L": 1024,
      "AP": 0.639533612490102,
      "AP_lo": 0.41290281764312114,
      "AP_hi": 0.8864325987402908,
      "AUC": 0.9804153961222025,
      "AP_seed_mean": 0.5603867577151377,
      "AP_seed_std": 0.07136401048257805,
      "gap": 0.35915110807754647,
      "epochs": 17.4,
      "minutes": 10.029646662871043
    },
    {
      "L": 2048,
      "AP": 0.7257056875372104,
      "AP_lo": 0.49702293904021294,
      "AP_hi": 0.9334935897435898,
      "AUC": 0.9849030550601231,
      "AP_seed_mean": 0.6247029462470679,
      "AP_seed_std": 0.06448755457608096,
      "gap": 0.27429431246278957,
      "epochs": 26.0,
      "minutes": 34.144138193130495
    },
    {
      "L": 5000,
      "AP": 0.8176643813982869,
      "AP_lo": 0.6242123427174627,
      "AP_hi": 1.0,
      "AUC": 0.9914159139290029,
      "AP_seed_mean": 0.7286965772553302,
      "AP_seed_std": 0.033971739862644054,
      "gap": 0.1823356186017131,
      "epochs": 19.8,
      "minutes": 85.80348767836888
    }
  ],
  "control_table": [
    {
      "L": 1024,
      "n_feat": 12288,
      "AP": 0.009424598471443496,
      "AP_lo": 0.004611228232119966,
      "AP_hi": 0.04199458693104737,
      "AUC": 0.8205166561187504,
      "deep_AP": 0.639533612490102,
      "deep_minus_nondeep": 0.6301090140186585,
      "fit_min": 8.492140022913615
    },
    {
      "L": 2048,
      "n_feat": 24576,
      "AP": 0.008023156883964514,
      "AP_lo": 0.005420067753968059,
      "AP_hi": 0.016058511557070342,
      "AUC": 0.8194925493354813,
      "deep_AP": 0.7257056875372104,
      "deep_minus_nondeep": 0.7176825306532459,
      "fit_min": 19.891243012746177
    }
  ]
}