{
  "model": "M7run1_L5000",
  "n_test": 6698,
  "n_test_pos": 13,
  "AP": 0.8176643813982869,
  "AP_IC95": [
    0.6242123427174627,
    1.0
  ],
  "AUC": 0.9914159139290029,
  "AUC_IC95": [
    0.9753869167481733,
    1.0
  ],
  "threshold_F1max_on_OOF": 0.5459641814231873,
  "confusion_at_threshold": {
    "TP": 10,
    "FP": 0,
    "FN": 3,
    "TN": 6685,
    "precision": 1.0,
    "recall": 0.7692307692307693,
    "f1": 0.8695652173913044,
    "specificity": 1.0,
    "npv": 0.9995514354066986
  },
  "brier_calibrated": null,
  "ap_train": 1.0,
  "gap_train_fold9": 0.1823356186017131,
  "multiseed": {
    "AP_mean": 0.7286965772553302,
    "AP_std": 0.033971739862644054,
    "AUC_mean": 0.9833151142051666,
    "AUC_std": 0.007839692158495865
  },
  "run": "m7_run1",
  "resolution": 5000,
  "mean_epochs": 19.8,
  "train_min": 85.80348767836888,
  "gap_train_oof": null,
  "gap_train_oof_note": "retroactively unavailable: the true train-OOF gap needs a refit, and frozen models are never refit (JOURNAL D13/D52)"
}