{
  "model": "M7run2_oof_5000",
  "n_test": 6698,
  "n_test_pos": 13,
  "AP": 0.8175580316245277,
  "AP_IC95": [
    0.6366358697391366,
    0.9826024936601859
  ],
  "AUC": 0.9861688050169726,
  "AUC_IC95": [
    0.959160577642253,
    0.9999654795466314
  ],
  "threshold_F1max_on_OOF": 0.7995817065238953,
  "confusion_at_threshold": {
    "TP": 8,
    "FP": 0,
    "FN": 5,
    "TN": 6685,
    "precision": 1.0,
    "recall": 0.6153846153846154,
    "f1": 0.761904761904762,
    "specificity": 1.0,
    "npv": 0.9992526158445441
  },
  "brier_calibrated": null,
  "ap_train": 0.9967766666082307,
  "gap_train_fold9": 0.17921863498370305,
  "multiseed": null,
  "run": "m7_run2",
  "resolution": 5000,
  "OOF_AP": 0.6444952074427543,
  "OOF_AP_CI": [
    0.5560546117219749,
    0.7291124667828048
  ],
  "OOF_AUC": 0.9628155598183161,
  "gap_train_oof": 0.3522814591654764
}