{
  "model": "M6_marquette",
  "role": "External reference (Marquette 12SL) — NOT in the ensemble, never touches fold 10. PTB-XL only.",
  "representation": "C_combined (6 clinical from A + 4 discovery from B)",
  "algo": "XGBoost max_depth=2, lr=0.05, n_estimators=100, subsample=0.8, colsample_bytree=0.8, reg_lambda=2.0, min_child_weight=3",
  "features": [
    "PR_Int_Global",
    "QRS_Dur_Global",
    "QT_IntFramingham_Global",
    "R_AxisFrontal_Global",
    "T_AxisFront_Global",
    "P_Dur_Global",
    "R_PeakTime__mean",
    "R_Dur__mean",
    "R_Area__mean",
    "Q_PeakTime__mean"
  ],
  "calibration": "Platt (sigmoid), cv=3 internal",
  "eval_protocol": "OOF on native PTB-XL folds 1-8 (no shuffle); standardized fold-9 eval added for comparability",
  "headline_oof_folds1_8": {
    "AUC": 0.9686,
    "AUC_IC95": [
      0.9450193870714456,
      0.9871249028625362
    ],
    "AP": 0.5834,
    "AP_IC95": [
      0.4593639920880128,
      0.7159652259672915
    ],
    "threshold_F1max": 0.28
  },
  "multiseed_oof": {
    "AUC_mean": 0.9701632111498146,
    "AUC_std": 0.002143470659962356,
    "AP_mean": 0.5758769448535962,
    "AP_std": 0.008628592563288759
  },
  "metrics_standard_fold9": {
    "model": "M6_marquette",
    "n_test": 2183,
    "n_test_pos": 6,
    "AP": 0.7886044591246903,
    "AP_IC95": [
      0.4415949889208288,
      1.0
    ],
    "AUC": 0.973817179604961,
    "AUC_IC95": [
      0.9199931097841065,
      1.0
    ],
    "threshold_F1max_on_OOF": 0.9521485567092896,
    "confusion_at_threshold": {
      "TP": 4,
      "FP": 1,
      "FN": 2,
      "TN": 2176,
      "precision": 0.8,
      "recall": 0.6666666666666666,
      "f1": 0.7272727272727272,
      "specificity": 0.9995406522737712,
      "npv": 0.9990817263544536
    },
    "brier_calibrated": 0.0016619021642770885,
    "ap_train": 0.7204100686373373,
    "gap_train_test": -0.0681943904873531,
    "multiseed": null,
    "protocol": "threshold on OOF folds 1-8 (57 WPW), evaluated on fold 9 (6 WPW); reference model, PTB-XL only",
    "headline_oof_auc": 0.9685926410981661,
    "headline_oof_ap": 0.5834149640339829
  },
  "fold10": "NEVER touched — reserved for final ensemble evaluation",
  "date_frozen": "2026-06-19 11:34",
  "files": {
    "raw": "m6_xgb_raw.joblib",
    "calibrated": "m6_calibrated.joblib",
    "metrics_fold9": "reports/metrics/M6_marquette_metrics.json"
  }
}